<?xml version="1.0" encoding="utf-8"?> 
<configs>
	<scan_settings>
		<!-- 扫码功能使能；1 = 启用，0 = 禁用 -->
		<property name="scan_enable"  intro ="" >
			<value>1</value>
		</property>
		<!-- 输出模式； 1 = 直接填充，2 = 模拟键方式，3 = API输出（广播方式）-->
		<property name="output_mode"  intro ="" >
			<value>1</value>
		</property>	
		<!-- 自动换行；1 = 换行，0 = 不换行 -->
		<property name="auto_new_line"  intro ="" >
			<value>1</value>
		</property>		
		<!-- 扫描模式；0 = 按下读码，松开停止，1 = 连续读码，2 = 按下读码，松开不停止，直至超时自动停止 -->
		<property name="scan_mode"  intro ="" >
			<value>0</value>
		</property>
		<!-- 读码超时时间；默认3000ms -->
		<property name="scan_time_out"  intro ="" >
			<value>3000</value>
		</property>
		<!-- 连续读码时的时间间隔；默认50ms -->
		<property name="scan_interval_time"  intro ="" >
			<value>50</value>
		</property>
		<!-- 触发模式 -SCAN键触发；1 = 启用，0 = 禁用 -->
		<property name="trigger_mode_main"  intro ="" >
			<value>1</value>
		</property>
		<!-- 触发模式 -左SCAN键触发；1 = 启用，0 = 禁用  -->
		<property name="trigger_mode_left"  intro ="" >
			<value>1</value>
		</property>
		<!-- 触发模式 -右SCAN键触发；1 = 启用，0 = 禁用  -->
		<property name="trigger_mode_right"  intro ="" >
			<value>1</value>
		</property>
		<!-- 前缀使能；1 = 启用，0 = 禁用  -->
		<property name="prefix_enable"  intro ="" >
			<value>0</value>
		</property>
		<!-- 后缀使能；1 = 启用，0 = 禁用  -->
		<property name="suffix_enable"  intro ="" >
			<value>0</value>
		</property>
		<!-- 前缀值（16进制数），比如：41是A字符的16进制数，则<value>值就是41；-->
		<property name="prefix"  intro ="" >
			<value></value>
		</property>
		<!-- 后缀值（16进制数），比如：42是B字符的16进制数，则<value>值就是42；-->
		<property name="suffix"  intro ="" >
			<value></value>
		</property>
		<!-- 声音提示；1 = 启用，0 = 禁用-->
		<property name="scan_prompt_sound"  intro ="" >
			<value>1</value>
		</property>
		<!-- 震动提示；1 = 启用，0 = 禁用-->
		<property name="scan_prompt_vibrator"  intro ="" >
			<value>0</value>
		</property>
		<!-- LED灯提示；1 = 启用，0 = 禁用 -->
		<property name="scan_prompt_led"  intro ="" >
			<value>1</value>
		</property>
		<!-- 编码格式；1 = UTF=8，2 = GBK，3 = ISO-8859-1-->
		<property name="scan_encode"  intro ="" >
			<value>1</value>
		</property>
		<!-- 数据截取; start 开始位置:默认1，end 结束位置:默认无-->
		<property name="scan_trim_limits"  intro ="" >
			<position>
				<start>1</start>
				<end></end>
			</position>
		</property>
		<!-- 字符替换；(target 被替换的字符串的16进制，表示：x31x32), (replace 替换成的字符串的16进制,如x61x62) 默认全无-->
		<!--<property name="scan_result_replace_content"  intro ="" >
			<item>
				<target>x39</target>
				<replace>x9aa0x9aa1</replace>
			</item>
			<item>
				<target>x32x35</target>
				<replace>x61x62</replace>
			</item>
		</property>-->
	</scan_settings>
</configs>
